,title,rating,date,review,CommentAferPreproc,sentiment,Topic,Topic_label
320,Avis Caisse d'Épargne ,"1,6 sur 5 étoiles",07/07/2022,"la caisse d'epargne, c'est des frais bancaires chers, des assurances chères et un relationnel inexistant. carte bancaire à 10 € par mois, une obligatoire par conjoint, assurance perte et vol obligatoire soit 250 € de frais à l'année pour rien de plus qu'ailleurs. frais de tenue de compte 6 € soit 72 € par an. autorisation de découvert 14 € /an; assurance habitation 38 €, soit disant premium, par mois soit 456 € l'année. pas de suivi en cas de pépin, comme 90 % des assurances ok, mais là ça fait cher pour rien de plus. voiture tous risques 36 €, au tiers 24 € soit 720 € l'année. assurance pret immo 38 € soit 456 € /an. soit presque 2000 € l'année de frais et assurances.4 mois pour finaliser un pret immo alors que le dossier avait été pré mâché par un premier agent, 6 mois d'attente pour résiliation d' une assurance fantoche de complément d'habitation (courrier ar, envois des documents demandés, relances mails...).après un ras le bol d'immobilisme et d'amateurisme, j'ai tout changé. résultat plus de 50 % d'économie ! chaque compte ou assurance éparpillés chez les moins chers.mon conseil: surtout ne jamais prendre tous ses contrats à un même organisme. changer de crêmerie tous les 1 à 2 ans. la fidélité ne paie jamais.",caisse epargne frais bancaires chers assurances chères relationnel inexistant carte bancaire 10 mois obligatoire conjoint assurance perte vol obligatoire 250 frais année rien plus ailleurs frais tenue compte 72 an autorisation découvert 14 an assurance habitation 38 disant premium mois 456 année suivi cas pépin comme 90 assurances ok là ça fait cher rien plus voiture tous risques 36 tiers 24 720 année assurance pret immo 38 456 an presque 2000 année frais assurances mois finaliser pret immo alors dossier pré mâché premier agent mois attente résiliation assurance fantoche complément habitation courrier ar envois documents demandés relances mails après ras bol immobilisme amateurisme tout changé résultat plus 50 économie chaque compte assurance éparpillés chez moins chers conseil surtout jamais prendre tous contrats organisme changer crêmerie tous ans fidélité paie jamais,Positive,1,frais
321,Avis Caisse d'Épargne ,"2,2 sur 5 étoiles",29/06/2022,"j'ai 7 000 euros sur un lep que je voulais retirer 6 000 €. impossible, seule possibilité 2000 euros par semaine moins 5 euros pour l'opération. bilan de l'opération je ne peux acheter un bien (paiement liquide), je récupère mon argent à raison de 2000 € par semaine et je constitue un bas de laine.",000 euros lep voulais retirer 000 impossible seule possibilité 2000 euros semaine moins euros opération bilan opération peux acheter bien paiement liquide récupère argent raison 2000 semaine constitue bas laine,Negative,3,service
322,Avis Caisse d'Épargne ,"2,2 sur 5 étoiles",28/06/2022,"cela fait 10 ans que je suis à la caisse d'épargne, il y a toujours eu des problèmes plus ou moins importants, plus ou moins réglés rapidement, mais depuis 3 ans le service et la qualité n'ont jamais été aussi bas. aujourd'hui je me retrouve sans carte, ni chéquier suite à une erreur de saisie. je vais avoir une nouvelle carte dans 15 jours et on me demande de payer des frais pour retirer un peu d'espèce afin de ne pas me retrouver sans rien.un point positif quand même, c'est la rapidité d'exécution pour les virements et une application intéressante lorsqu'elle n'a pas de bug.",cela fait 10 ans caisse épargne toujours problèmes plus moins importants plus moins réglés rapidement depuis ans service qualité jamais aussi bas aujourd hui retrouve sans carte ni chéquier suite erreur saisie vais avoir nouvelle carte 15 jours demande payer frais retirer peu espèce afin retrouver sans rien point positif quand rapidité exécution virements application intéressante lorsqu bug,Positive,4,service
323,Avis Caisse d'Épargne ,"2,4 sur 5 étoiles",27/06/2022,"l'ancien espace client était convivial, parfaitement clair et accessible. le nouvel espace ""imposé"" bien sûr, se révèle complètement abscons et étanche à tout accès facile. on espère que ce n'est pas justement le but recherché. il serait bon pour une fois que le changement soit orienté client, et non finances.",ancien espace client convivial parfaitement clair accessible nouvel espace imposé bien sûr révèle complètement abscons étanche tout accès facile espère justement but recherché bon fois changement orienté client non finances,Positive,0,service
324,Avis Caisse d'Épargne ,"2,2 sur 5 étoiles",25/06/2022,"pas de problème pour ouvrir compte et livrets épargnes mais conseiller injoignable, qui ne répond pratiquement jamais aux mails ou appels. frais très coûteux avec surfacturation. changement de conseiller jusqu'à 3 différents en 1 an. vous passez en agence, vous voyez les employés faire des va-et-vient d'un bureau à l'autre. ça papote, ça rigole, ils grignotent devant les clients, on dirait un salon de thé.",problème ouvrir compte livrets épargnes conseiller injoignable répond pratiquement jamais mails appels frais très coûteux surfacturation changement conseiller jusqu différents an passez agence voyez employés faire va vient bureau autre ça papote ça rigole grignotent devant clients dirait salon thé,Positive,4,service
325,Avis Caisse d'Épargne ,"2,0 sur 5 étoiles",24/06/2022,"je suis à la caisse d'épargne depuis presque 20 ans. quand tout va bien alors pas de soucis. mais dès qu'il s'agit de me rembourser après un piratage, impossible et ensuite ils me prélèvent des frais de 40 euros pour une nouvelle carte et là 100 euros parce que je change de banque.",caisse épargne depuis presque 20 ans quand tout va bien alors soucis dès agit rembourser après piratage impossible ensuite prélèvent frais 40 euros nouvelle carte là 100 euros parce change banque,Positive,2,frais
326,Avis Caisse d'Épargne ,"2,4 sur 5 étoiles",23/06/2022,"j'ai demandé à changé de carte bancaire (débit différé) pour retourner sur un débit immédiat. résultat mon conseiller s'est trompé (ce qui peut arriver à tout le monde) à bloquer ma carte avant même que je reçoive la nouvelle. je me retrouve depuis quelques jours sans carte bancaire. je n'ai pas eu une excuse de sa part, et aucun geste commercial. la seule chose qu'il me propose c'est de faire un sms retrait. sauf que je travaille sur leurs horaires d'ouverture. ce n'est pas une erreur de ma part mais c'est à moi de faire le nécessaire pour palier à une erreur qui n'est pas la mienne.",demandé changé carte bancaire débit différé retourner débit immédiat résultat conseiller trompé peut arriver tout monde bloquer carte avant reçoive nouvelle retrouve depuis quelques jours sans carte bancaire excuse part aucun geste commercial seule chose propose faire sms retrait sauf travaille leurs horaires ouverture erreur part faire nécessaire palier erreur mienne,Positive,6,accueil
327,Avis Caisse d'Épargne ,5 sur 5 étoiles,18/06/2022,très bon accueil et très satisfait de mon conseiller qui a pu débloquer mon compte bancaire en me proposant aussi une nouvelle carte bancaire adaptée à mes besoins. une rencontre très positive qui me permet d'envisager avec sérénité la gestion de mes comptes bancaires à la caisse d'epargne.,très bon accueil très satisfait conseiller pu débloquer compte bancaire proposant aussi nouvelle carte bancaire adaptée besoins rencontre très positive permet envisager sérénité gestion comptes bancaires caisse epargne,Positive,0,service
328,Avis Caisse d'Épargne ,"1,8 sur 5 étoiles",10/06/2022,"conseillers en ligne non professionnels. chèque de banque du crédit agricole déposé le 04/06, mis en valeur le 26/06. je contacte l’agence émettrice qui me confirme avoir confirmée la bonne valeur du chèque à la caisse d’épargne, mais il faut attendre 22 jours pour avoir la valeur du chèque. mon épouse est au crédit mutuel et aucun problème, les conseillers très pros et courtois.",conseillers ligne non professionnels chèque banque crédit agricole déposé 04 06 mis valeur 26 06 contacte agence émettrice confirme avoir confirmée bonne valeur chèque caisse épargne faut attendre 22 jours avoir valeur chèque épouse crédit mutuel aucun problème conseillers très pros courtois,Positive,5,personnel
329,Avis Caisse d'Épargne ,"2,6 sur 5 étoiles",05/06/2022,"je suis cliente depuis toujours de la caisse d'épargne. depuis mon déménagement, il y a quelques années, je suis passée en e-banque. a partir de cette date, les seuls échanges que j'ai pu avoir, concernaient les frais de gestion de mon compte courant, facturés. je relance régulièrement à ce sujet, sans réponse à mes réclamations. je n'ai jamais de soucis bancaires (je le précise). je suis très déçue de mon conseiller qui, malgré des relances mail + appels, ne me répond pas.",cliente depuis toujours caisse épargne depuis déménagement quelques années passée banque partir cette date seuls échanges pu avoir concernaient frais gestion compte courant facturés relance régulièrement sujet sans réponse réclamations jamais soucis bancaires précise très déçue conseiller malgré relances mail appels répond,Negative,5,personnel
330,Avis Caisse d'Épargne ,"2,0 sur 5 étoiles",31/05/2022,"déçu à plusieurs reprises, la dernière mésaventure est de trop ! client historique de la caisse d'epargne j'ai dû transférer mes fonds chez une autre banque qui me proposait un crédit plus intéressant que la ce. je souhaitais tout de même conserver un compte dépôt à la caisse d'epargne. dans ce transfert j'ai engendré une vingtaine d'euros de découvert par inadvertance, la caisse d'epargne m'a chargé de 35 € de frais. après avoir appelé l'agence, la conseillère connaissant mon profil plus qu'exemplaire (jamais un découvert en 10 ans et des fonds confortables) me dit qu'elle ne peut rien faire, c'est les processus, que je cite ""je n'avais qu'à prendre mes précautions avant"". belle gestion de la relation client et de la fidélisation de vos clients historiques la caisse d'epargne. conclusion : abandon de l'idée de garder un compte dépôt chez la caisse d'epargne et clôture du compte.",déçu plusieurs reprises dernière mésaventure trop client historique caisse epargne dû transférer fonds chez autre banque proposait crédit plus intéressant souhaitais tout conserver compte dépôt caisse epargne transfert engendré vingtaine euros découvert inadvertance caisse epargne chargé 35 frais après avoir appelé agence conseillère connaissant profil plus exemplaire jamais découvert 10 ans fonds confortables dit peut rien faire processus cite prendre précautions avant belle gestion relation client fidélisation clients historiques caisse epargne conclusion abandon idée garder compte dépôt chez caisse epargne clôture compte,Positive,6,accueil
331,Avis Caisse d'Épargne ,"2,0 sur 5 étoiles",25/05/2022,"trop de frais (30euros de frais de dossier par an, en plus du reste). mauvais accueil du personnel au directeur en passant par le conseiller. l´agence est fermée les après-midi sauf sur rendez-vous. on est pas assez informé sur notre situation, ni assez conseillé. j envisage de partir et d'enlever mon compte pro et mes comptes personnels, ainsi que ceux de mes enfants.",trop frais 30euros frais dossier an plus reste mauvais accueil personnel directeur passant conseiller agence fermée après midi sauf rendez assez informé situation ni assez conseillé envisage partir enlever compte pro comptes personnels ainsi ceux enfants,Negative,6,accueil
332,Avis Caisse d'Épargne ,"2,2 sur 5 étoiles",25/05/2022,"j'avais choisi cette banque car j'avais de bon retour de la part de mon entourage. très bon accueil de mon premier conseiller qui malheureusement ensuite a changé de banque.par la suite je n'ai eu que des soucis avec cette banque (ne répond pas au téléphone, ni aux mails, ni aux courriers).j'ai décidé de récupérer mes différents placements, ils ont mis 6 mois à me rendre mon argent, et encore c'est parce que je suis passée par le service clientèle en menaçant de contacter le médiateur bancaire.si vous voulez un rdv pour un prêt vous pouvez toujours attendre (nous sommes fin mai 2022, j'attends depuis mars 2021).pareil pour clôturer mon compte bancaire chez eux. ils ont reçu un recommandé avec accusé de réception et ""oublié"" de traiter ma demande. plusieurs appels mais jamais personne au bout du fil, plusieurs mails mais jamais de réponse. pourtant pour prélever des frais bancaires alors qu'ils ne devraient plus, là il y a du monde. obligée de passer une nouvelle fois par le service clientèle (toujours en accusé de réception donc payant et bien sûr ils ne répondent pas pour le remboursement des frais engendrés).",choisi cette banque car bon retour part entourage très bon accueil premier conseiller malheureusement ensuite changé banque suite soucis cette banque répond téléphone ni mails ni courriers décidé récupérer différents placements mis mois rendre argent encore parce passée service clientèle menaçant contacter médiateur bancaire si voulez rdv prêt pouvez toujours attendre fin mai 2022 attends depuis mars 2021 pareil clôturer compte bancaire chez reçu recommandé accusé réception oublié traiter demande plusieurs appels jamais personne bout fil plusieurs mails jamais réponse pourtant prélever frais bancaires alors devraient plus là monde obligée passer nouvelle fois service clientèle toujours accusé réception donc payant bien sûr répondent remboursement frais engendrés,Positive,4,service
333,Avis Caisse d'Épargne ,"3,6 sur 5 étoiles",20/05/2022,"le nouvel espace client internet de la caisse d'epargne n'est pas pratique, icônes sur relevé de compte inutiles (on a juste besoin d'un listing des débits et crédits), les ""améliorations"" devraient être faites pour accéder plus facilement aux différentes rubriques. ancien site beaucoup plus facile.",nouvel espace client internet caisse epargne pratique icônes relevé compte inutiles juste besoin listing débits crédits améliorations devraient être faites accéder plus facilement différentes rubriques ancien site beaucoup plus facile,Positive,6,accueil
334,Avis Caisse d'Épargne ,"1,4 sur 5 étoiles",15/05/2022,je reviens sur une affaire qui dure depuis 3 ans . nous sommes plusieurs propriétaires à avoir acheter sur plan un bien immobilier entre 2016 et 2019 auprès d’un promoteur immobilier (innovhabitat). la caisse d’épargne étant le garant pour terminer le projet après la défaillance de l’entreprise. celle-ci a nommé (depuis janvier 2020) un d’hoc pour terminer les travaux en temps que maître d’œuvre.depuis rien n’a réellement bougé à part certains propriétaires qui avec du courage sont sortis de la procédure judiciaire et ont terminé leur maison avec le peu d’argent qu’ils leur restaient et cela pas grâce à la caisse d’épargne qui se cache derrière des procédures administratives pour ne pas payer les travaux. certains de ces propriétaires sont sociétaires de cette banque « les pauvres « !,reviens affaire dure depuis ans plusieurs propriétaires avoir acheter plan bien immobilier entre 2016 2019 auprès promoteur immobilier innovhabitat caisse épargne garant terminer projet après défaillance entreprise celle ci nommé depuis janvier 2020 hoc terminer travaux temps maître œuvre depuis rien réellement bougé part certains propriétaires courage sortis procédure judiciaire terminé maison peu argent restaient cela grâce caisse épargne cache derrière procédures administratives payer travaux certains propriétaires sociétaires cette banque pauvres,Negative,6,accueil
335,Avis Caisse d'Épargne ,"2,2 sur 5 étoiles",10/05/2022,"ayant déménagé à la rochelle, mon conseiller parisien n'a pas le droit de mettre mon rib en tant que destinataire pour que je récupère mon argent. les deux agence sont deux banques totalement différentes qui ne font aucun effort pour aider leurs clients. il est apparemment plus facile de passer à la bnp, ou autre, que d'agence à agence.",déménagé rochelle conseiller parisien droit mettre rib tant destinataire récupère argent deux agence deux banques totalement différentes font aucun effort aider leurs clients apparemment plus facile passer bnp autre agence agence,Positive,3,service
336,Avis Caisse d'Épargne ,"4,6 sur 5 étoiles",07/05/2022,conseillé à mon écoute qui prend du temps pour me réexpliqué quand je ne comprends pas tout. il cherche la meilleure solution pour répondre à ma demande. je conseille la caisse d´epargne à 200%. je l´ai conseillé à mon fils. mon conseiller prend souvent de mes nouvelles et me propose de nouveaux services sans me forcer la main. après je prends ou ne prends pas. très bonne communication entre nous,conseillé écoute prend temps réexpliqué quand comprends tout cherche meilleure solution répondre demande conseille caisse epargne 200 conseillé fils conseiller prend souvent nouvelles propose nouveaux services sans forcer main après prends prends très bonne communication entre,Positive,0,service
337,Avis Caisse d'Épargne ,"3,3 sur 5 étoiles",04/05/2022,"nouvelle interface nulle ! en effet ayant l'habitude de faire mes rapprochements avec un logiciel de gestion par télétransmission je découvre aujourd'hui que ce n'est plus possible pour ces raisons le téléchargement devient inutile puisque juste la possibilité de télécharger en format excel ! donc obligation de recopier chaque opération dans le gestionnaire. mon gestionnaire permettait une mise à jour directe ce qui est le but principal de la transmission le gain de temps. quant à la présentation par elle même d'entrée je me suis dite :""mais c'est quoi ça ?"" brouillon très lourd il y en a partout ! bon comme souvent il y a malgré tout un peu de positif on peut facilement remonter assez loin dans les opérations mais je me dis ""à quoi ça sert"", puisque logiquement on n'est censé quand même de vérifier l'état de nos comptes régulièrement.elément positif : ma conseillère est sympathique et très aimable et aussi la décoration de cette agence qui commençait à être vieillotte a subi un coup de jeune donc l'ensemble est plus clair.",nouvelle interface nulle effet habitude faire rapprochements logiciel gestion télétransmission découvre aujourd hui plus possible raisons téléchargement devient inutile puisque juste possibilité télécharger format excel donc obligation recopier chaque opération gestionnaire gestionnaire permettait mise jour directe but principal transmission gain temps quant présentation entrée dite quoi ça brouillon très lourd partout bon comme souvent malgré tout peu positif peut facilement remonter assez loin opérations dis quoi ça sert puisque logiquement censé quand vérifier état comptes régulièrement elément positif conseillère sympathique très aimable aussi décoration cette agence commençait être vieillotte subi coup jeune donc ensemble plus clair,Positive,0,service
338,Avis Caisse d'Épargne ,"3,4 sur 5 étoiles",02/05/2022,"j'ai pu payer avec mon téléphone (c'était même précurseur à l'époque), jusqu'au jour où ce service a été amputé par la ce : obligation d'utiliser un iphone ou samsung. franchement dommage de reculer ainsi. a quand une remise en service pour tous ?sinon, pas de souci particulier avec cette banque dont je suis client depuis une vingtaine d'années.",pu payer téléphone précurseur époque jusqu jour où service amputé obligation utiliser iphone samsung franchement dommage reculer ainsi quand remise service tous sinon souci particulier cette banque dont client depuis vingtaine années,Negative,4,service
339,Avis Caisse d'Épargne ,5 sur 5 étoiles,29/04/2022,"toujours reçue avec le sourire et bienveillance. ma conseillère est à l'écoute et a de bons conseils. chaque fois que je la contacte, elle me rappelle même elle est occupée et répond à mes questions même si elles sont parfois un peu compliquées et même qand elles ne concernent pas tout à fait la banque. services au top !",toujours reçue sourire bienveillance conseillère écoute bons conseils chaque fois contacte rappelle occupée répond questions si elles parfois peu compliquées qand elles concernent tout fait banque services top,Positive,2,frais
340,Avis Caisse d'Épargne ,"1,6 sur 5 étoiles",29/04/2022,"prendre rdv pour une simulation de prêt immobilier (achat d'une résidence principale) avec proposition de transmettre les documents avant le rdv pour gain de temps. entendre en réponse non c'est inutile. aller au rdv, le conseiller me répond je ne suis pas en capacité de faire une simulation car il faut que j'analyse votre dossier, l´informer que le bancaire personnel sera transféré si prêt immobilier chez eux mais qu'il n'y aura pas de changement d'assurance, ni de compte professionnel. devoir relancer 12 jours après le rdv car toujours rien reçu. et m'entendre dire, je ne peux pas vous transmettre de simulation car vous n'êtes pas près à changer les assurances et rapatrier les comptes pro. cela avait été évoqué lors du premier rdv.",prendre rdv simulation prêt immobilier achat résidence principale proposition transmettre documents avant rdv gain temps entendre réponse non inutile aller rdv conseiller répond capacité faire simulation car faut analyse dossier informer bancaire personnel transféré si prêt immobilier chez changement assurance ni compte professionnel devoir relancer 12 jours après rdv car toujours rien reçu entendre dire peux transmettre simulation car près changer assurances rapatrier comptes pro cela évoqué lors premier rdv,Positive,4,service
341,Avis Caisse d'Épargne ,"3,0 sur 5 étoiles",15/04/2022,"ma mère avait souscrit une assurance habitation. elle est décédée. j'ai donc transmis un bulletin de décès et une demande de résiliation en laissant mes coordonnées. son compte bancaire est bloqué mais la caisse d'épargne a tenté de prélever sur son compte. depuis, ils écrivent à ma mère en la menaçant de poursuites.",mère souscrit assurance habitation décédée donc transmis bulletin décès demande résiliation laissant coordonnées compte bancaire bloqué caisse épargne tenté prélever compte depuis écrivent mère menaçant poursuites,Negative,5,personnel
342,Avis Caisse d'Épargne ,"4,8 sur 5 étoiles",13/04/2022,"je suis à l'agence de sète et il n´y a rien à redire. au contraire:-agence au top, les locaux sont accueillants et l'agence a de bons horaires.-ma conseillère est parfaite; connait son métier, très compréhensive, répond vite aux demandes via la messagerie sécurisé ou même par mail. elle nous projette dans l'avenir en nous expliquant les différentes démarches à faire et les produits adaptés à chaque moment de la vie.-concernant l'application; elle est très bien, on peut tout faire via l'application que ce soit de contrôler sa carte, prendre rdv ou contacter via la messagerie sécurisée ou par appel. seul point négatif; la fonctionnalité retrait par sms ne marche pas pour les mineurs mais cela peut aussi être une bonne sécurité.-produits proposés au top, le prix de la formule de compte varie pour chaque offre et pour moi le prix est tout à fait justifié.",agence sète rien redire contraire agence top locaux accueillants agence bons horaires conseillère parfaite connait métier très compréhensive répond vite demandes via messagerie sécurisé mail projette avenir expliquant différentes démarches faire produits adaptés chaque moment vie concernant application très bien peut tout faire via application contrôler carte prendre rdv contacter via messagerie sécurisée appel seul point négatif fonctionnalité retrait sms marche mineurs cela peut aussi être bonne sécurité produits proposés top prix formule compte varie chaque offre prix tout fait justifié,Positive,0,service
343,Avis Caisse d'Épargne ,"4,3 sur 5 étoiles",11/04/2022,"je suis cliente de la caisse d'épargne de chambéry en savoie et je dois dire que la banque est top, ma conseillère extrêmement compréhensive. je recommande vivement cette banque. lorsque j'avais un dossier de surendettement c'est la seule banque qui m'a fait confiance, franchement je ne suis pas prête de partir sauf si je change de conseillère et que sa remplaçante ou son remplaçant n'est pas aussi bien.",cliente caisse épargne chambéry savoie dois dire banque top conseillère extrêmement compréhensive recommande vivement cette banque lorsque dossier surendettement seule banque fait confiance franchement prête partir sauf si change conseillère remplaçante remplaçant aussi bien,Positive,4,service
344,Avis Caisse d'Épargne ,"1,6 sur 5 étoiles",01/04/2022,"cela fait des années que je suis mécontente des services ""rendus"" mais payés à prix d'or à la caisse d'epargne. des services que je n'ai pas demandé m'ont été fournis d'office, tel le droit à un crédit de 1000 euros par mois, chose que je trouve irresponsable vue le nombre des surendettements. mon forfait est de 9,5 euros par mois. de plus, n'ayant pas de smart phone, car ne le souhaitant pas, je ne peux plus faire d'achat sur le web, car je ne peux télécharger l'appli afférente. je constate, que nous n'avons pas le choix de nous passer de banque, donc qu'il s'agit d'un service semi-public en réalité mais totalement privé. et que désormais, nous devons obligatoirement posséder un smart phone ! sans pouvoir en discuter avec un conseiller qui ne cesse d'être en rendez-vous !",cela fait années mécontente services rendus payés prix or caisse epargne services demandé fournis office tel droit crédit 1000 euros mois chose trouve irresponsable vue nombre surendettements forfait euros mois plus smart phone car souhaitant peux plus faire achat web car peux télécharger appli afférente constate choix passer banque donc agit service semi public réalité totalement privé désormais devons obligatoirement posséder smart phone sans pouvoir discuter conseiller cesse être rendez,Positive,6,accueil
345,Avis Caisse d'Épargne ,"2,2 sur 5 étoiles",24/03/2022,demande de délivrance d 'un chéquier pour la première fois; à l'accueil on me dit que c'est bon et que je le recevrai la semaine prochaine ; le lendemain message téléphone qui me le confirme; au bout de trois semaines toujours pas de nouvelle pour aller le récupérer. je téléphone et là la responsable me dit que j'ai trop d'argent sur mon compte pour pouvoir obtenir un chéquier; très bizarre leur fonctionnement; en fait ils font tout pour qu'on y aille pour nous faire signer des placements pour qu'ils aient des primes; on ne peut même pas disposer de son argent comme on veut une fois qu'il est déposé chez eux .,demande délivrance chéquier première fois accueil dit bon recevrai semaine prochaine lendemain message téléphone confirme bout trois semaines toujours nouvelle aller récupérer téléphone là responsable dit trop argent compte pouvoir obtenir chéquier très bizarre fonctionnement fait font tout aille faire signer placements primes peut disposer argent comme veut fois déposé chez,Positive,6,accueil
346,Avis Caisse d'Épargne ,"1,8 sur 5 étoiles",07/03/2022,nous obliger à télécharger une appli pour pouvoir faire un paiement en ligne est inacceptable. impossible de vérifier mon compte sur mon ordinateur car celui-ci n´est pas assez récent.,obliger télécharger appli pouvoir faire paiement ligne inacceptable impossible vérifier compte ordinateur car celui ci assez récent,Negative,0,service
347,Avis Caisse d'Épargne ,"1,8 sur 5 étoiles",04/03/2022,concerne mes parents âgées de 94 ans. transfert du lep sur livret a sans information préalable des comptes sur une agence en ligne. mépris total des courriers adressées pour demander la remise en ordre.,concerne parents âgées 94 ans transfert lep livret sans information préalable comptes agence ligne mépris total courriers adressées demander remise ordre,Positive,1,frais
348,Avis Caisse d'Épargne ,"2,0 sur 5 étoiles",03/03/2022,"la caisse d'épargne est sans doute une des banques les plus ""has been"" que je connaisse. c'est une tanée absolue pour réinitialiser son mot de passe, les conseillers pour la plupart sont plutôt désagréables et n'ont pas le sens du client, les agences parfois fermées arbitrairement sans prévenir.",caisse épargne sans doute banques plus has been connaisse tanée absolue réinitialiser mot passe conseillers plupart plutôt désagréables sens client agences parfois fermées arbitrairement sans prévenir,Negative,6,accueil
349,Avis Caisse d'Épargne ,5 sur 5 étoiles,15/02/2022,agence de menton au top ! entière satisfaction pour crédit immobilier et gestion des comptes. bravo! toujours bien accueillis et cette sensation d'un interlocuteur qui ne voit pas que ses intérêts. mon épouse et moi sommes du genre fidèles et nous vivons enfin une expérience bancaire satisfaisante.,agence menton top entière satisfaction crédit immobilier gestion comptes bravo toujours bien accueillis cette sensation interlocuteur voit intérêts épouse genre fidèles vivons enfin expérience bancaire satisfaisante,Positive,3,service
350,Avis Caisse d'Épargne ,"1,8 sur 5 étoiles",05/02/2022,"nous avons contracté un prêt pour un achat dans le neuf et dans le même temps vendu notre maison. au déblocage des fonds pour l'achat de notre terrain la caisse d'épargne a délibérément et sans notre demande et accord réalisé 2 operations à fort impact financier, sans notre consentement:- déblocage du crédit relais alors que nous avions demandé le déblocage d'un prêt principal contracté,- déblocage d'un autre montant de crédit principal, alors que nous avons expressément demandé le prélèvement sur compte provisionné.nous avons donc des frais de caution liés au déblocage du crédit relais non souhaité ainsi que des frais intercalaires supplémentaires liés au déblocage de sommes importantes non souhaitées.",contracté prêt achat neuf temps vendu maison déblocage fonds achat terrain caisse épargne délibérément sans demande accord réalisé operations fort impact financier sans consentement déblocage crédit relais alors demandé déblocage prêt principal contracté déblocage autre montant crédit principal alors expressément demandé prélèvement compte provisionné donc frais caution liés déblocage crédit relais non souhaité ainsi frais intercalaires supplémentaires liés déblocage importantes non souhaitées,Positive,1,frais
351,Avis Caisse d'Épargne ,5 sur 5 étoiles,27/01/2022,j e r e m e r c i e l a c a i s s e d' é p a r g n e p o u r m' a c c o m p a g n e r d a n s m e s p r o j e t s e t s u r t o u t m a c o n s e i l l è r e p o u r s o n h o n n ê t e t é e t s o n i n v e s t i s s e m e n t .,,Neutral,0,service
352,Avis Caisse d'Épargne ,"2,0 sur 5 étoiles",23/01/2022,impossible de faire un achat de billets sncf via ma carte bancaire de la caisse d'épargne. je suis à la caisse d'épargne depuis 3 ans suite un prêt immobilier. je n'avais jamais eu de problème avec mes anciennes banques. j'ai appelé ma conseillère samedi pour avoir une aide pas de réponse. j'appelle la banque et j'ai une personne de l'accueil qui me dit que cela provient du site sncf alors que le problème vient de la banque. j'ai envoyé un mail à ma conseillère réponse : la conseillère de mon compte bancaire est indisponible pour une durée indéterminée !,impossible faire achat billets sncf via carte bancaire caisse épargne caisse épargne depuis ans suite prêt immobilier jamais problème anciennes banques appelé conseillère samedi avoir aide réponse appelle banque personne accueil dit cela provient site sncf alors problème vient banque envoyé mail conseillère réponse conseillère compte bancaire indisponible durée indéterminée,Negative,1,frais
353,Avis Caisse d'Épargne ,"2,0 sur 5 étoiles",19/01/2022,"client depuis 5 ans environ, à la suite d'une demande de prêt pour un investissement locatif, je suis déçu. d'une part, les frais d'assurance emprunteur sont délirants, mais d'autre part le service client est plutôt décevant. récemment, étant en cours d'acquisition de ma résidence principale, mon conseiller m'a indiqué un refus de prêt (soit disant je ne disposais pas de la capacité d'endettement suffisante). suite à la saisie d'un courtier, finalement, la caisse d'epargne via ce même conseiller me fait une proposition. j'ai décidé de me tourner vers une autre offre plus attractive et surtout ne serait-ce que par principe. en parallèle, disposant de plusieurs comptes (liés à mes différents investissements locatifs), j'ai demandé à revoir mes frais bancaires car les montants devenaient aberrants. malgré mon épargne conséquente et mes placements, ils ont été incapables de faire quoi que ce soit. je compte bien profité de mon prêt immo en résidence principale pour quitter la caisse d'épargne et laisser le minimum du fait de mes 2 prêts immo chez eux.",client depuis ans environ suite demande prêt investissement locatif déçu part frais assurance emprunteur délirants autre part service client plutôt décevant récemment cours acquisition résidence principale conseiller indiqué refus prêt disant disposais capacité endettement suffisante suite saisie courtier finalement caisse epargne via conseiller fait proposition décidé tourner vers autre offre plus attractive surtout principe parallèle disposant plusieurs comptes liés différents investissements locatifs demandé revoir frais bancaires car montants devenaient aberrants malgré épargne conséquente placements incapables faire quoi compte bien profité prêt immo résidence principale quitter caisse épargne laisser minimum fait prêts immo chez,Positive,4,service
354,Avis Caisse d'Épargne ,5 sur 5 étoiles,13/01/2022,je suis très satisfaite des services de la caisse d'epargne dont je bénéficie depuis plus de 30 ans. ma conseillère est extrêmement professionnelle et très humaine. elle est toujours joignable et à l'écoute. ma famille est également cliente de la caisse d'epargne depuis longtemps et aussi satisfaite que moi. nous recommandons vivement cette banque.,très satisfaite services caisse epargne dont bénéficie depuis plus 30 ans conseillère extrêmement professionnelle très humaine toujours joignable écoute famille également cliente caisse epargne depuis longtemps aussi satisfaite recommandons vivement cette banque,Positive,2,frais
355,Avis Caisse d'Épargne ,"1,8 sur 5 étoiles",11/01/2022,"dans une agence, conseiller qui laisse d'autres personnes débloquer des assurances vies sans demander de procuration ou autres accords de la personne à qui appartient l'assurance vie, et qui met 3 mois à changer une adresse.dans une autre agence, conseiller qui ne répond pas aux demandes, même après plusieurs relances, et quand on contacte l'agence on nous dit de patienter jusqu'à ce que le conseiller daigne répondre (réponse qui n'arrive jamais).",agence conseiller laisse autres personnes débloquer assurances vies sans demander procuration autres accords personne appartient assurance vie met mois changer adresse autre agence conseiller répond demandes après plusieurs relances quand contacte agence dit patienter jusqu conseiller daigne répondre réponse arrive jamais,Negative,4,service
356,Avis Caisse d'Épargne ,"1,6 sur 5 étoiles",10/01/2022,"cette banque ne répond pas à mes mails, n'envoie pas forcément les relevés d'assurance vie chaque année, paye les assurances-vie une année en retard et seulement après envoi d'une lettre recommandée, et ne donne aucune explication sur les prélèvements qu'elle a faites sur mon compte. trois caisses d'épargne se sont ""renvoyé la balle"" pendant un an pour retarder le versement de la petite assurance-vie de ma mère, et sans justification sur les prélèvements qu'elles ont faits.",cette banque répond mails envoie forcément relevés assurance vie chaque année paye assurances vie année retard seulement après envoi lettre recommandée donne aucune explication prélèvements faites compte trois caisses épargne renvoyé balle pendant an retarder versement petite assurance vie mère sans justification prélèvements elles faits,Positive,5,personnel
357,Avis Caisse d'Épargne ,"1,0 sur 5 étoiles",16/12/2021,la caisse d'epargne récompense sa cliente de 35 ans de fidélité avec des comptes créditeurs par un refus de découvert ponctuel.même en produisant un document attestant d'une rentrée d'argent représentant + du double du montant du découvert ponctuel demandé; découvert servant à faire face à un drame familial urgent et non pour une utilisation de confort.,caisse epargne récompense cliente 35 ans fidélité comptes créditeurs refus découvert ponctuel produisant document attestant rentrée argent représentant double montant découvert ponctuel demandé découvert servant faire face drame familial urgent non utilisation confort,Positive,0,service
358,Avis Caisse d'Épargne ,5 sur 5 étoiles,14/12/2021,"nous sommes très heureux d'être clients à la caisse d'épargne en isère car notre conseillère clientèle qui est la directrice d'agence nous a accompagné sur notre projet immobilier, elle est extraordinaire tant au niveau personnel que professionnel. nous la remercions pour son travail fabuleux et toutes les actions effectuées auprès de divers organismes. nous recommandons et encourageons la caisse d'épargne à 100% à toutes les personnes qui souhaitent réaliser leur rêves, vous ne serez pas déçu et vous pourrez vous même juger la qualité de leur travail effectué au sein de toute l'équipe. n'attendez plus, foncez.",très heureux être clients caisse épargne isère car conseillère clientèle directrice agence accompagné projet immobilier extraordinaire tant niveau personnel professionnel remercions travail fabuleux toutes actions effectuées auprès divers organismes recommandons encourageons caisse épargne 100 toutes personnes souhaitent réaliser rêves déçu pourrez juger qualité travail effectué sein toute équipe attendez plus foncez,Positive,2,frais
359,Avis Caisse d'Épargne ,"1,2 sur 5 étoiles",11/12/2021,"assurance immobilière vue à la hausse alors que, étant militaire, elle doit être basse.envoi d'un tableau d'amortissement incorrect et l'on me demande de payer 26 euros pour avoir un tableau d'amortissement correct.déménagement: ça a pris 9 mois pour fermer un compte bien qu´une lettre en ar avait été envoyée.",assurance immobilière vue hausse alors militaire doit être basse envoi tableau amortissement incorrect demande payer 26 euros avoir tableau amortissement correct déménagement ça pris mois fermer compte bien lettre ar envoyée,Positive,5,personnel
360,Avis Caisse d'Épargne ,"1,6 sur 5 étoiles",10/12/2021,"mon père hospitalisé pour grave maladie ne peut plus se déplacer, ma mère va devoir rentrer en ehpad.mon père voulait me donner procuration sur son compte courant, là où sa retraite est versée, j'ai contacté mon agence caisse d'epargne, on m'a refusé cette procuration si mon père ne venait pas signer sur place .aucune personne de la banque ne peut se déplacer pour effectuer cette démarche sur le lieu de l'hospitalisation, pourtant, d'autres banques le font .",père hospitalisé grave maladie peut plus déplacer mère va devoir rentrer ehpad père voulait donner procuration compte courant là où retraite versée contacté agence caisse epargne refusé cette procuration si père venait signer place aucune personne banque peut déplacer effectuer cette démarche lieu hospitalisation pourtant autres banques font,Positive,3,service
361,Avis Caisse d'Épargne ,"1,8 sur 5 étoiles",07/12/2021,"assurance inadaptée à mon habitation proposée par le conseiller de la caisse d'epargne. cependant au bout de 2 abs le courtier ne veut plus m'assurer, mais les prélèvements continuent. je vais donc quitter cette banque cela mettra fin aux prélèvements et ensuite je vais entamer une procédure avec une association de consommateurs qui est informée et me suivra.",assurance inadaptée habitation proposée conseiller caisse epargne cependant bout abs courtier veut plus assurer prélèvements continuent vais donc quitter cette banque cela mettra fin prélèvements ensuite vais entamer procédure association consommateurs informée suivra,Positive,5,personnel
362,Avis Caisse d'Épargne ,"1,4 sur 5 étoiles",29/11/2021,"obligation de télécharger l'appli.si nous ne téléchargeons pas l'appli, la caisse d'épargne bloque l'accessibilite au site, consulter notre compte est donc devenu impossible!!!les conseillers ne sont d'aucune aide.déception après déception auprès de cette banque, je décide de cloturer mes comptes et d'aller voir ailleurs.",obligation télécharger appli si téléchargeons appli caisse épargne bloque accessibilite site consulter compte donc devenu impossible conseillers aucune aide déception après déception auprès cette banque décide cloturer comptes aller voir ailleurs,Negative,2,frais
363,Avis Caisse d'Épargne ,"4,0 sur 5 étoiles",25/11/2021,"conseillère hyper à l’écoute. prêt avec un taux intéressant même si j’avais trouvé plus intéressant, mais une particularité a fait que malgré cela j’ai accepté ce taux et je ne le regrette pas . malheureusement tout le monde à la caisse d épargne n ´a pas la même envie de garder ou de fidéliser ses clients.",conseillère hyper écoute prêt taux intéressant si trouvé plus intéressant particularité fait malgré cela accepté taux regrette malheureusement tout monde caisse épargne envie garder fidéliser clients,Positive,2,frais
364,Avis Caisse d'Épargne ,"4,6 sur 5 étoiles",19/11/2021,"je remercie ma caisse d'épargne la chartreuse. ma conseillère est toujours à mon écoute et elle me rappelle quand je laisse un email.je voulais dire merci. quand je demande de changer le plafond de ma carte, elle le fait ou pour autre raison, elle fait toujours de son mieux.",remercie caisse épargne chartreuse conseillère toujours écoute rappelle quand laisse email voulais dire merci quand demande changer plafond carte fait autre raison fait toujours mieux,Positive,4,service
365,Avis Caisse d'Épargne ,"1,8 sur 5 étoiles",13/11/2021,"malgré la qualité de l’accueil, force est de constater qu’il y a de gros disfonctionnements au niveau du service.malgré nos nombreux échanges téléphoniques et par mails, malgré leurs promesses, je suis sans carte bleue depuis bientôt deux semaines et je sais que je ne suis pas au bout de mes peines.il y a de toute évidence un problème de communication entre leurs services qui m’impose une situation très inconfortable.",malgré qualité accueil force constater gros disfonctionnements niveau service malgré nombreux échanges téléphoniques mails malgré leurs promesses sans carte bleue depuis bientôt deux semaines sais bout peines toute évidence problème communication entre leurs services impose situation très inconfortable,Positive,6,accueil
366,Avis Caisse d'Épargne ,"1,6 sur 5 étoiles",09/11/2021,"j'ai fais une demande de rapprochement bancaire pour rejoindre la banque de mon mari. c'était debut septembre.nous sommes le 9 novembre et, tous les 3 jours, ma conseillere me dit que le transfert de mon argent était réalisé. au final 1mois et demi de perdu.impossible d'avoir un rdv, de joindre le service concerné ou le directeur d'agence.",fais demande rapprochement bancaire rejoindre banque mari debut septembre novembre tous jours conseillere dit transfert argent réalisé final 1mois demi perdu impossible avoir rdv joindre service concerné directeur agence,Negative,6,accueil
367,Avis Caisse d'Épargne ,"1,0 sur 5 étoiles",07/11/2021,"je confirme comme les précédents avis...à fuir ! nous savons que ce sont les hommes qui dirigent qui font la différence. nous savons que les banques ne sont pas philanthropiques mais là, les frais sont en toutes choses exorbitants ! regardez les frais de succession, ils sont incroyablement supérieurs aux autres banques ! mon père a été client dans cette banque durant 70 ans au bas mot, il n'a jamais été à découvert et a toujours réglé ce qu'on lui demandait les yeux fermés en faisant confiance. aucune considération, ni respect ! il m'a fallu écrire à la direction pour obtenir une explication écrite claire.bref, je ne vais pas m'étendre plus mais il y aurait encore beaucoup à dire sur les agissements de cette banque ! je mets 1 étoile car je ne peux pas ne pas en mettre !!!",confirme comme précédents avis fuir savons hommes dirigent font différence savons banques philanthropiques là frais toutes choses exorbitants regardez frais succession incroyablement supérieurs autres banques père client cette banque durant 70 ans bas mot jamais découvert toujours réglé demandait yeux fermés faisant confiance aucune considération ni respect fallu écrire direction obtenir explication écrite claire bref vais étendre plus encore beaucoup dire agissements cette banque mets étoile car peux mettre,Positive,3,service
368,Avis Caisse d'Épargne ,"1,8 sur 5 étoiles",27/10/2021,"j'ai mis plus de 8 mois à transférer mon pea dans une autre banque.désormais, au moment de résilier mon contrat d'assurance habitation, la personne au téléphone en charge des assurances commence par m'affirmer que je ne peux pas résilier mon contrat que c'est mon nouvel assureur qui doit le faire. bref, une véritable fake-news imaginé pour décourager les clients. quand je lui ai lu l'extrait du code de la consommation, elle a fini par m'indiquer une adresse ou envoyer une lettre recommandée de résiliation. car oui ! il n'y a aucune adresse de fourni pour résilier par courrier. il faut d'abord téléphoner pour obtenir l'adresse.sans compter qu'à l'époque j'ai pris cette assurance car ma conseillère bancaire m'a fait croire que cela faisait partie des termes du contrat de crédit immobilier. j'ai fini par vérifier et... non.bref, pas du tout satisfait.",mis plus mois transférer pea autre banque désormais moment résilier contrat assurance habitation personne téléphone charge assurances commence affirmer peux résilier contrat nouvel assureur doit faire bref véritable fake news imaginé décourager clients quand lu extrait code consommation fini indiquer adresse envoyer lettre recommandée résiliation car oui aucune adresse fourni résilier courrier faut abord téléphoner obtenir adresse sans compter époque pris cette assurance car conseillère bancaire fait croire cela faisait partie termes contrat crédit immobilier fini vérifier non bref tout satisfait,Positive,4,service
369,Avis Caisse d'Épargne ,"2,3 sur 5 étoiles",27/10/2021,"j'ai vendu mon véhicule 3500 euros, payés par chèque.délai d'encaissement et de validation d'environ 3 semaines. pendant ce temps là je ne peux profiter de mon argent.des conseillers qui à chaque sollicitation vous répondent qu'ils ne savent pas. des dossiers qui sont mis de côté et non traités.je déconseille cette banque.",vendu véhicule 3500 euros payés chèque délai encaissement validation environ semaines pendant temps là peux profiter argent conseillers chaque sollicitation répondent savent dossiers mis côté non traités déconseille cette banque,Negative,5,personnel
370,Avis Caisse d'Épargne ,"1,0 sur 5 étoiles",06/10/2021,je déconseille fortement cette banque que ce soit pour avoir un compte ou alors souscrire une assurance !plus d'un an pour résilier un contrat habitation après déménagement ! impossible de résilier le contrat juridique avant la date d'anniversaire ! impossible de joindre le conseiller de la caisse d'épargne en cas de soucis !inadmissible au vue des prix de frais de gestion !,déconseille fortement cette banque avoir compte alors souscrire assurance plus an résilier contrat habitation après déménagement impossible résilier contrat juridique avant date anniversaire impossible joindre conseiller caisse épargne cas soucis inadmissible vue prix frais gestion,Negative,1,frais
371,Avis Caisse d'Épargne ,"1,2 sur 5 étoiles",01/10/2021,"pour moi cette banque est médiocre, ils nous ont perdu plusieurs fois de l'argent lors de virement et encore actuellement nous attendons un remboursement depuis 7 mois. je parle de sommes assez importantes. il n´y a aucun suivi clientèle sérieux et un changement de conseillers tous les 3 mois.carte bancaire souvent défaillante.pour une réponse par mail il faut attendre plusieurs semaines.",cette banque médiocre perdu plusieurs fois argent lors virement encore actuellement attendons remboursement depuis mois parle assez importantes aucun suivi clientèle sérieux changement conseillers tous mois carte bancaire souvent défaillante réponse mail faut attendre plusieurs semaines,Positive,6,accueil
372,Avis Caisse d'Épargne ,"1,2 sur 5 étoiles",19/09/2021,"la banque n'a toujours pas su transformer un compte de célibataire en un compte commun d'un couple marié au bout de dix mois ! la conseillère ne sait pas comment fonctionne les listes noire et blanche des comptes. elle ne répond pas au tél. le personnel est désagréable. le site web de la banque est abscons. les frais sont absolument excessifs et injustifiés. bref, si vous voulez les inconvénients d'une banque en ligne incompétente et injoignable avec les frais d'une banque réelle, allez-y. et bon courage à vous.",banque toujours su transformer compte célibataire compte commun couple marié bout dix mois conseillère sait comment fonctionne listes noire blanche comptes répond tél personnel désagréable site web banque abscons frais absolument excessifs injustifiés bref si voulez inconvénients banque ligne incompétente injoignable frais banque réelle allez bon courage,Positive,4,service
373,Avis Caisse d'Épargne ,"1,0 sur 5 étoiles",15/09/2021,"regarder vos frais et choisissez votre conseiller mais pas la caisse d'epargne !!!la fidélité ne paye pas et le conseil client est vraiment nul !c est la seule entreprise privee où la notion de client est deplorable !!! une entreprise normale du secteur privé perdrait ses clients en ayant aussi peu de consideration !!!!depuis plus de 10 ans, vous avez avec deux credits immobiliers (dont vous ne pouvez pas négocier les taux, sauf payer 1500 € / credits sur l'ile de france) , et apres un temps sans mettre de l'argent sur votre compte courant ( sauf payer les credits) , vous remettez de l'argent et bien on n'hesite pas a vous prendre 13.60euros pour une autorisation de decouvert selon les conditions tarifaires alors que vous êtes largement positif. c est hallucinant et bien sûr votre conseiller (heu non, la personne qui est censée vous conseiller) vous dit qu'elle doit demander au directeur d'agence pour un geste de remboursement et qu elle vous rappellera !!! wouahhh !! mais rien !!! magnifique !!!! c est moche de constater que vous avez à faire à des des exécutants à la caisse d'epargne et qui ne savent pas ce que c´est la satisfaction client et le conseil pour fideliser !! !!bravo pour une banque qui se dit populaire !!! soyez prudents et regardez vos frais !!! ce ne sont pas des conseillers !!! une fois que vous avez signé, ils s'en moquent scandale !!!!les conseillers ne rendent pas compte que leur métier va disparaitre avec un tel comportement !!! !chez lcl j'ai eu un conseiller a l'ecoute !! choisissez votre conseiller avant de choisir la banque !!plus jamais un credit a la caisse d epargne!!",regarder frais choisissez conseiller caisse epargne fidélité paye conseil client vraiment nul seule entreprise privee où notion client deplorable entreprise normale secteur privé perdrait clients aussi peu consideration depuis plus 10 ans deux credits immobiliers dont pouvez négocier taux sauf payer 1500 credits ile france apres temps sans mettre argent compte courant sauf payer credits remettez argent bien hesite prendre 13 60euros autorisation decouvert selon conditions tarifaires alors largement positif hallucinant bien sûr conseiller heu non personne censée conseiller dit doit demander directeur agence geste remboursement rappellera wouahhh rien magnifique moche constater faire exécutants caisse epargne savent satisfaction client conseil fideliser bravo banque dit populaire prudents regardez frais conseillers fois signé moquent scandale conseillers rendent compte métier va disparaitre tel comportement chez lcl conseiller ecoute choisissez conseiller avant choisir banque plus jamais credit caisse epargne,Negative,6,accueil
374,Avis Caisse d'Épargne ,"2,3 sur 5 étoiles",15/09/2021,"je reçois ma nouvelle carte après expiration de l'ancienne, impossible de l'activer dans un distributeur, parcours du combattant pour régler ce problème qui m'a causé un perte d'exploitation professionnelle.le service client est nul, le dépannage est laborieux ,j'ai déjà eu un gros problème avec cette banque dû au manque de professionnalisme du conseiller pro et de la directrice d'agence. j'ai hâte de quitter cette banque.",reçois nouvelle carte après expiration ancienne impossible activer distributeur parcours combattant régler problème causé perte exploitation professionnelle service client nul dépannage laborieux déjà gros problème cette banque dû manque professionnalisme conseiller pro directrice agence hâte quitter cette banque,Negative,3,service
375,Avis Caisse d'Épargne ,5 sur 5 étoiles,10/08/2021,"t.rès satisfaite de ma conseillère qui s'est vraiment impliquée dans mon projet (prêt immobilier) a su être réactive et disponible (a traité dans l'urgence mon dossier qui avait pris du retard à cause des vacances).personne accueillante, professionnelle à qui je fais entièrement confiance.et j'espère qu'elle se reconnaitra dans ce message.",rès satisfaite conseillère vraiment impliquée projet prêt immobilier su être réactive disponible traité urgence dossier pris retard cause vacances personne accueillante professionnelle fais entièrement confiance espère reconnaitra message,Positive,2,frais
376,Avis Caisse d'Épargne ,"2,4 sur 5 étoiles",03/08/2021,"en 2007 la caisse d'épargne m'a fait acheter du natixis, sans me dire que c'était des actions.malgré les pertes j'ai conservé ces actions en espérant qu'elles remontent un jour.aujourd'hui la bpce qui possède la caisse d'épargne m'oblige à lui céder mes actions à un cours inférieur de 80 % à celui d'entrée ...cela ressemble à du vol.",2007 caisse épargne fait acheter natixis sans dire actions malgré pertes conservé actions espérant elles remontent jour aujourd hui bpce possède caisse épargne oblige céder actions cours inférieur 80 celui entrée cela ressemble vol,Negative,4,service
377,Avis Caisse d'Épargne ,"1,0 sur 5 étoiles",02/08/2021,"refus sur une demande de prêt personnel après 35 ans de présence.pour n avoir pas contracté chez eux un regroupement de crédit immobilier, personnel et financement d une autre acquisition. alors qu ils ne font pas ce type d opérations....du coup je suis passé par un courtier et demandais un financement pour l emménagement "" électroménager, véhicule, trésorerie "", le directeur d agence n´a même pas pris la peine d appeler.agence de vimy, tristesse et désolation, ne comprennent pas votre projet ou votre vie.",refus demande prêt personnel après 35 ans présence avoir contracté chez regroupement crédit immobilier personnel financement autre acquisition alors font type opérations coup passé courtier demandais financement emménagement électroménager véhicule trésorerie directeur agence pris peine appeler agence vimy tristesse désolation comprennent projet vie,Negative,4,service
378,Avis Caisse d'Épargne ,5 sur 5 étoiles,26/07/2021,"l'agence de carros est géniale!!!!!!.une agence qui prend le temps d écouter ses clients dans les bons comme les mauvais moments,le personnel et la direction sont au top,toujours a l’écoute des demandes,super réactifs par mail ou au téléphoneenfin une agence humaine !!!!!!il faudrait plus d’agence comme celle de carros !!!!!!!",agence carros géniale agence prend temps écouter clients bons comme mauvais moments personnel direction top toujours écoute demandes super réactifs mail téléphoneenfin agence humaine faudrait plus agence comme celle carros,Positive,4,service
379,Avis Caisse d'Épargne ,"1,0 sur 5 étoiles",01/07/2021,"déjà une grossière erreur sur la clause bénéficiaire, ensuite vous devez vous même déclarer le décès sur le site, c'est impersonnel et grossier...ensuite, alors que rien n'est réglé, il nous a été facturé 273 e de frais de succession...quelle honte !!!une banque qui vend des assurances déjà je ne trouve pas cela très normal, mais là c'est pitoyable.",déjà grossière erreur clause bénéficiaire ensuite devez déclarer décès site impersonnel grossier ensuite alors rien réglé facturé 273 frais succession quelle honte banque vend assurances déjà trouve cela très normal là pitoyable,Positive,4,service
380,Avis Caisse d'Épargne ,"2,4 sur 5 étoiles",28/06/2021,"la pire banque.. c'est des voleurs.ma conseillère était en vacances lorsque je lui ai demandé un prêt. a son retour, elle snobait clairement ma demande de prêt ainsi que mes appels. ils disent qu'ils vont s'occuper de vous, mais vous laisse poirauter pendant des lustres. je ne parle même pas des frais.. j'ai changé de banque depuis.",pire banque voleurs conseillère vacances lorsque demandé prêt retour snobait clairement demande prêt ainsi appels disent vont occuper laisse poirauter pendant lustres parle frais changé banque depuis,Positive,4,service
381,Avis Caisse d'Épargne ,"1,0 sur 5 étoiles",19/06/2021,"bonjourje suis un vieux client fidèle de plus 45 ans .je suis extrêmement mécontent de la caisse d'épargne d´ajaccio.frais récurrents de gestion de compte et agios (alors que je viens juste d'hériter donc capacité importante d'épargne )aucun problème lors de souscription de contrats mais par contre lors d'un incident ou litige, politique de l'autruche de leur part malgrés les courriers qui restent sans réponse au bout de pratiquement un an, personne ne rappelle et on se moque du client ..par ailleurs, beaucoup d'incompétence de la part de certaines personnes .cerise sur le gâteau toutes les agences sont fermées l'après midi supprimant ainsi l'accueil physique ..... (décision prise par le directoire corse du sud)discours apocalyptique du personnel et du directoire des agences ..décision prise de partir du groupe bce et de tout résilier....croyez moi fuyez cette banque qui est très loin derrière aujourd'hui sur le marché ...je vous souhaite à tous bon courage et une bonne journéecordialementfait le 19/06/21",bonjourje vieux client fidèle plus 45 ans extrêmement mécontent caisse épargne ajaccio frais récurrents gestion compte agios alors viens juste hériter donc capacité importante épargne aucun problème lors souscription contrats contre lors incident litige politique autruche part malgrés courriers restent sans réponse bout pratiquement an personne rappelle moque client ailleurs beaucoup incompétence part certaines personnes cerise gâteau toutes agences fermées après midi supprimant ainsi accueil physique décision prise directoire corse sud discours apocalyptique personnel directoire agences décision prise partir groupe bce tout résilier croyez fuyez cette banque très loin derrière aujourd hui marché souhaite tous bon courage bonne journéecordialementfait 19 06 21,Positive,1,frais
382,Avis Caisse d'Épargne ,"1,0 sur 5 étoiles",17/06/2021,"client depuis 30 ans et là c'est la catastrophe.ma conseillère toujours en vacances. bon tant mieux car à chaque rdv c'est pour me vendre des assurances, des cartes gold extra gold...qui me sert à rien vu mon compte.....plus d'accueil....des arnaq coeur.en plus sur leur site impossible de modifier mon virement automatique pour mon loyer. et bien sûr personne de la caisse épargne trouve la solution...les client ne sont plus roi mais ils subissent.",client depuis 30 ans là catastrophe conseillère toujours vacances bon tant mieux car chaque rdv vendre assurances cartes gold extra gold sert rien vu compte plus accueil arnaq coeur plus site impossible modifier virement automatique loyer bien sûr personne caisse épargne trouve solution client plus roi subissent,Positive,3,service
383,Avis Caisse d'Épargne ,"1,0 sur 5 étoiles",22/05/2021,"ma ecarte bleue n est plus accessible depuis le changement du mot de passe pour un smarphone. 0r moi (et d autres ) je m'ai qu'un téléphone portable, pour nous il n'y a aucune alternative soi disant ( nous sommes les délaissés) et nous devons être nombreux ! lla caisse d épargne ne fait rien du tout.cela fait 3 semaines que je ne peux pas faire mes courses alimentaires au drive leclerc , et on me dit "" on y peux rien "". avant de mettre ce système de paiement en route, vous auriez du chercher à mettre une équivalence pour les autres. je paye une ecarte bleue très cher! ils me prélèvent pour cette carte tous les mois , et je ne peux pas m en servir ! et ils osent continuer le prélèvement !",ecarte bleue plus accessible depuis changement mot passe smarphone 0r autres téléphone portable aucune alternative soi disant délaissés devons être nombreux lla caisse épargne fait rien tout cela fait semaines peux faire courses alimentaires drive leclerc dit peux rien avant mettre système paiement route chercher mettre équivalence autres paye ecarte bleue très cher prélèvent cette carte tous mois peux servir osent continuer prélèvement,Negative,6,accueil
384,Avis Caisse d'Épargne ,"1,0 sur 5 étoiles",21/05/2021,"manque de professionnalisme ! mentent à leur client et ne savent pas faire leur travail !de grosses fautes sont commises notamment la violation de données privées ( relevé bancaire, virements...).une adresse mail d'un inconnu a été rentré sur mon compte client et celui ci recevait tous mes documents bancaires ( pendant plus de 6 mois). quand j'ai averti ma banque, on m'a affirmé plusieurs fois qu'ils avaient changé cette adresse mail. mais ce changement n'a pas été effectué avant 1 semaine, parce que je m'y suis rendue.par chance je suis tombée sur une personne honnête qui a mis 6 mois à me retrouver grâce aux réseaux sociaux.",manque professionnalisme mentent client savent faire travail grosses fautes commises notamment violation données privées relevé bancaire virements adresse mail inconnu rentré compte client celui ci recevait tous documents bancaires pendant plus mois quand averti banque affirmé plusieurs fois changé cette adresse mail changement effectué avant semaine parce rendue chance tombée personne honnête mis mois retrouver grâce réseaux sociaux,Positive,4,service
385,Avis Caisse d'Épargne ,"2,2 sur 5 étoiles",28/03/2021,"je suis depuis plus de20 ans chez eux, je compte changer de banque tellement j'en ai marre des frais qui'ls mettent.j'ai mis un cheque de 10000 €, cela a mis 15 jours a encaisser ok ! mais pendant 15 jours frais sur frais et la personne qui m'a fait ce chèque m´a montré quand ils l'ont encaissé sur son compte bancaire une journée apres l'avoir déposé ? trop c'est trop, j'ai voulu changer d'agence. non, mon bon à rien de conseiller ne veut pas; ban oui je dois lui rapporter en agios. ca c'est toujours plus ou moins bien passé avec eux mais là je ne peux pas allez dans l'agence que je veux, je ne peux pas changer de conseiller, c'est mon argent ou le leurs ?j'ai demandé de l'aide pour une fois, cela m'a été refusé, à quoi servent il a part agios sur agios ? du coup je vais changer de banque ils m'ont mis dans une agence de bourgeois rue carnot sur annecy, je deteste cette agence. ils vous tappent sur l'epaule quand vous avez du pognon,sinon c'est à peine si ils vous disent bonjour. lettre au médiateur oblige avec toutes les preuves.",depuis plus de20 ans chez compte changer banque tellement marre frais ls mettent mis cheque 10000 cela mis 15 jours encaisser ok pendant 15 jours frais frais personne fait chèque montré quand encaissé compte bancaire journée apres avoir déposé trop trop voulu changer agence non bon rien conseiller veut ban oui dois rapporter agios ca toujours plus moins bien passé là peux allez agence veux peux changer conseiller argent leurs demandé aide fois cela refusé quoi servent part agios agios coup vais changer banque mis agence bourgeois rue carnot annecy deteste cette agence tappent epaule quand pognon sinon peine si disent bonjour lettre médiateur oblige toutes preuves,Positive,4,service
386,Avis Caisse d'Épargne ,"2,4 sur 5 étoiles",20/02/2021,"bonjour !si vous avez un problème, la caisse d'epargne ne le résoudra jamais.j'ai par mégarde bloqué ma carte bancaire un mardi, je suis allé la faire débloquer le mercredi. elle n'a jamais fonctionné, malgré mes relances alors qu'on m'a assuré que le nécessaire avait été fait.j'ai alors commandé une autre carte, reçue le jeudi de la semaine suivante. le code confidentiel devait suivre, mais le samedi il n'est toujours pas arrivé.bilan de courses, cela fait dix jours que je n'ai pas de cb.et encore je ne raconte pas les autres problèmes que j'ai avec eux.",bonjour si problème caisse epargne résoudra jamais mégarde bloqué carte bancaire mardi allé faire débloquer mercredi jamais fonctionné malgré relances alors assuré nécessaire fait alors commandé autre carte reçue jeudi semaine suivante code confidentiel devait suivre samedi toujours arrivé bilan courses cela fait dix jours cb encore raconte autres problèmes,Positive,6,accueil
387,Avis Caisse d'Épargne ,"1,0 sur 5 étoiles",14/02/2021,"fuyez!!!!!!!!le service client de l'agence de beauzelle est plus que déplorable. la directrice n'a rien d'une directrice, elle est odieuse avec les clients. elle se permet de mal leur parler devant tout le monde. a se demander comment elle en est arrivée là! elle n'a pas compris que ce qui la faisait vivre ce sont les clients. une petite formation en clientèle et en fonctionnement d'une banque ne lui ferait pas de mal. ne tentez pas de faire remonter vos insatisfactions, c'est peine perdu elle est couverte en interne malheureusement ...les frais de tenue de compte sont chers, l'assurance habitation n'en parlons pas. aucun intérêt à aller à la ce.passez vôtre chemin si vous voulez avoir un bon service client, des services à la hauteur. on comprend pourquoi les agences ferment au profit de service en ligne.",fuyez service client agence beauzelle plus déplorable directrice rien directrice odieuse clients permet mal parler devant tout monde demander comment arrivée là compris faisait vivre clients petite formation clientèle fonctionnement banque ferait mal tentez faire remonter insatisfactions peine perdu couverte interne malheureusement frais tenue compte chers assurance habitation parlons aucun intérêt aller passez vôtre chemin si voulez avoir bon service client services hauteur comprend pourquoi agences ferment profit service ligne,Negative,4,service
388,Avis Caisse d'Épargne ,"2,0 sur 5 étoiles",03/02/2021,"livret d'épargne, ouvert depuis plusieurs dizaine d'années, fermé d'autorité après un retrait important pour financer des travaux ( pas d'incident bancaire depuis 30 ans).refus du directeur de l'agence de me recevoir, aucune réponse de la caisse régionale malgré mon courrier.impression globale de se trouver face à une administration de l'ère soviétique.",livret épargne ouvert depuis plusieurs dizaine années fermé autorité après retrait important financer travaux incident bancaire depuis 30 ans refus directeur agence recevoir aucune réponse caisse régionale malgré courrier impression globale trouver face administration ère soviétique,Positive,5,personnel
389,Avis Caisse d'Épargne ,"4,8 sur 5 étoiles",18/01/2021,"j’ai ouvert un compte courant à la caisse d’épargne à mes 18 ans et cela fait 24 ans que j’y suis.l’ouverture du compte a été rapide et simple. je reste fidèle à la caisse d’épargne car je n’ai jamais eu de soucis avec eux malgré mes découverts réguliers.le seul point négatif que je trouve ce sont les frais bancaires qui sont un peu élevés, mais comme j’ai dit précédemment, ils acceptent mes découverts sans rien dire, donc ça m’arrange.j’utilise l’application sur mon smartphone qui est simple et compréhensible. elle est très pratique car je peux y faire des virements sans aller à la banque.",ouvert compte courant caisse épargne 18 ans cela fait 24 ans ouverture compte rapide simple reste fidèle caisse épargne car jamais soucis malgré découverts réguliers seul point négatif trouve frais bancaires peu élevés comme dit précédemment acceptent découverts sans rien dire donc ça arrange utilise application smartphone simple compréhensible très pratique car peux faire virements sans aller banque,Positive,0,service
390,Avis Caisse d'Épargne ,"2,7 sur 5 étoiles",16/01/2021,"accès par internet en ce qui me concerne est nul !j'arrive à ouvrir une fois sur dix, et encore avec du temps. ne parlons pas des opérations, qui n'aboutissent pas non plus, quelle que soit l'heure de la journée. il faut passer à l'agence qui n'est accessible que le matin pour les opérations courantes.quel intérêt dans ce cas du site internet ?",accès internet concerne nul arrive ouvrir fois dix encore temps parlons opérations aboutissent non plus quelle heure journée faut passer agence accessible matin opérations courantes quel intérêt cas site internet,Negative,4,service
391,Avis Caisse d'Épargne ,"3,8 sur 5 étoiles",01/12/2020,"cliente à la caisse d'épargne depuis huit ans, j'ai ouvert un compte courant, quelques livrets d'épargne et j'ai obtenu un prêt. l'ouverture de mon compte courant fut très simple, étant donné que mes parents étaient déjà clients de cette banque.l'interface de la caisse d'épargne est bien lisible : je peux exécuter mes virements en toute simplicité et voir la date de mes prochains prélèvements sur le site web ou l'application. en île-de-france, j'arrive facilement à trouver une agence, même si certaines fonctionnalités de leurs distributeurs à billets sont parfois en panne (par exemple, le dépôt de billets).j'ai déjà contacté le service clientèle par téléphone, très difficile à joindre à certaines heures. je suis tombée sur des personnes agréables (ce sont celles qui tiennent l'accueil des agences), mais qui n'ont pas forcément la réponse à toutes nos questions. dans ce cas, elles ont transmis mes questions à mon conseiller, qui me rappelle le jour même ou le lendemain.pour moi, la caisse d'épargne est une bonne banque mais elle ne conviendra pas à tout le monde, en particulier pour une personne qui aime avoir une réelle communication avec son conseiller. j'ai un conseiller dédié et il change tous les quatre ou cinq ans, c'est une chose positive, car il me propose de nouveaux produits et services correspondant à notre situation. la banque met à disposition pas mal de services gratuits mais j'estime qu'elle applique des frais excessifs sur certains de ses produits (cartes bancaires, frais en cas d'incident ou d'irrégularité).le problème de la caisse d'épargne est le manque de communication sur certaines actions. par exemple, j'allais récupérer ma nouvelle carte à l'agence comme à mon habitude, sauf que l'agent d'accueil m'informe que celle-ci a déjà été envoyée à mon domicile depuis une semaine. je n'ai pas reçu message par rapport à ce changement et j'ai donc dû signaler la perte de cette carte ainsi qu'attendre ma nouvelle carte à récupérer en agence.",cliente caisse épargne depuis huit ans ouvert compte courant quelques livrets épargne obtenu prêt ouverture compte courant très simple donné parents déjà clients cette banque interface caisse épargne bien lisible peux exécuter virements toute simplicité voir date prochains prélèvements site web application île france arrive facilement trouver agence si certaines fonctionnalités leurs distributeurs billets parfois panne exemple dépôt billets déjà contacté service clientèle téléphone très difficile joindre certaines heures tombée personnes agréables celles tiennent accueil agences forcément réponse toutes questions cas elles transmis questions conseiller rappelle jour lendemain caisse épargne bonne banque conviendra tout monde particulier personne aime avoir réelle communication conseiller conseiller dédié change tous quatre cinq ans chose positive car propose nouveaux produits services correspondant situation banque met disposition mal services gratuits estime applique frais excessifs certains produits cartes bancaires frais cas incident irrégularité problème caisse épargne manque communication certaines actions exemple allais récupérer nouvelle carte agence comme habitude sauf agent accueil informe celle ci déjà envoyée domicile depuis semaine reçu message rapport changement donc dû signaler perte cette carte ainsi attendre nouvelle carte récupérer agence,Positive,0,service
392,Avis Caisse d'Épargne ,"1,3 sur 5 étoiles",12/10/2020,je suis né en 1971 et j'ai bénéficié de l'ouverture d'un livret a à la caisse d'épargne lors de mon enfance.tout va bien tant qu'on ne fait que déposer de l'argent.mais les frais bancaires sont incompréhensibles !par exemple j'étais prélevé de 15 € par an pour une carte que je n'utilisais pas du tout et que je n'avais pas demandée.j'ai écrit à mon agence pour me plaindre sans aucune réponse de leur part.je suis allé résilier mon compte en regrettant de ne pas l'avoir fait plus tôt.,né 1971 bénéficié ouverture livret caisse épargne lors enfance tout va bien tant fait déposer argent frais bancaires incompréhensibles exemple prélevé 15 an carte utilisais tout demandée écrit agence plaindre sans aucune réponse part allé résilier compte regrettant avoir fait plus tôt,Positive,1,frais
393,Avis Caisse d'Épargne ,"4,0 sur 5 étoiles",08/10/2020,"j'ai été cliente à la caisse d'epargne pendant près de 8 ans. j'y ai ouvert un compte courant ainsi qu'un crédit auto. je n'ai jamais eu de soucis pour les opérations courantes, l'espace en ligne est très pratique et permet de quasiment tout faire sans se rendre au guichet.en revanche pour les actions plus complexe notamment la fermeture du compte ou le remboursement anticipé du crédit, cela a été beaucoup plus compliqué. les conseillers ""personnels"" changent sans cesse, donc même s'ils y mettent de la bonne volonté les démarches sont très longues et les suivis de dossiers aléatoires.",cliente caisse epargne pendant près ans ouvert compte courant ainsi crédit auto jamais soucis opérations courantes espace ligne très pratique permet quasiment tout faire sans rendre guichet revanche actions plus complexe notamment fermeture compte remboursement anticipé crédit cela beaucoup plus compliqué conseillers personnels changent sans cesse donc mettent bonne volonté démarches très longues suivis dossiers aléatoires,Positive,0,service
394,Avis Caisse d'Épargne ,"3,8 sur 5 étoiles",06/10/2020,"mon compte à la caisse d'epargne, je l'ai ouvert en 2003 afin de disposer de ma toute première carte bleue. la souscription à un forfait satellis essentiel n'avait alors pas posé de problème, j'avais même bénéficié d'un an de gratuité du service en guise de cadeau de bienvenue.globalement, la qualité de service a toujours été au rendez-vous. le problème se situe plutôt au niveau de la relation client : difficile d'instaurer la confiance quand votre conseiller financier change tous les six mois...côté tarifs, quelque peu agacé à l'idée de devoir débourser 10 euros par mois pour disposer d'une carte bancaire et de mon argent, j'ai récemment sauté le pas pour migrer vers une banque en ligne. gratuité totale et services innovants, je ne regrette en rien ma décision. j'ai tout de même conservé mon livret a à la caisse d'épargne afin d'avoir accès à un conseiller si nécessaire.",compte caisse epargne ouvert 2003 afin disposer toute première carte bleue souscription forfait satellis essentiel alors posé problème bénéficié an gratuité service guise cadeau bienvenue globalement qualité service toujours rendez problème situe plutôt niveau relation client difficile instaurer confiance quand conseiller financier change tous six mois côté tarifs quelque peu agacé idée devoir débourser 10 euros mois disposer carte bancaire argent récemment sauté migrer vers banque ligne gratuité totale services innovants regrette rien décision tout conservé livret caisse épargne afin avoir accès conseiller si nécessaire,Positive,2,frais
395,Avis Caisse d'Épargne ,5 sur 5 étoiles,03/10/2020,"ma femme et moi sommes devenus clients à la caisse d'epargne lors de l'achat de notre appartement.la première conseillère que nous avions vue n'était pas très aimable, mais elle a très vite été remplacée par une personne plus à l'écoute et plus patiente avec nous. tout s'est donc fait très facilement : ouverture du compte, obtention des cartes bancaires, assurances de prêt, etc. bien sûr, au vu de tous les documents à compléter et à signer cela avait pris beaucoup de temps, mais pas plus qu'il n'en fallait.depuis, nous utilisons les services par internet, qui sont plutôt faciles d'utilisation. il est rare que nous ayons à faire avec des personnes physiques.malgré la première personne que nous avons rencontrée, nous avons de très bonnes relations avec cette société.",femme devenus clients caisse epargne lors achat appartement première conseillère vue très aimable très vite remplacée personne plus écoute plus patiente tout donc fait très facilement ouverture compte obtention cartes bancaires assurances prêt etc bien sûr vu tous documents compléter signer cela pris beaucoup temps plus fallait depuis utilisons services internet plutôt faciles utilisation rare faire personnes physiques malgré première personne rencontrée très bonnes relations cette société,Positive,0,service
396,Avis Caisse d'Épargne ,"2,0 sur 5 étoiles",30/09/2020,"la caisse d’epargne fut ma première banque. dès mes 16 ans, j’ouvrais un compte dans une agence, sans véritablement me poser de questions. j’ai été client pendant plus de 15 ans.si vous êtes nouveau client, je vous recommande vivement de fuir cet établissement au plus vite. l’interface est médiocre, le service téléphonique ou en agence est déplorable, voire inexistant. je ne compte plus les déboires administratifs… chèques perdus, perte de documents, facturations indues, régularisations non prises en compte, refus de crédit immobilier (alors que je disposais des ressources), agents bancaires au bord de la crise de nerf qui pleuraient devant moi…non seulement, cette banque n’est pas digne de confiance mais son organisation interne est inhumaine. a fuir !",caisse epargne première banque dès 16 ans ouvrais compte agence sans véritablement poser questions client pendant plus 15 ans si nouveau client recommande vivement fuir cet établissement plus vite interface médiocre service téléphonique agence déplorable voire inexistant compte plus déboires administratifs chèques perdus perte documents facturations indues régularisations non prises compte refus crédit immobilier alors disposais ressources agents bancaires bord crise nerf pleuraient devant non seulement cette banque digne confiance organisation interne inhumaine fuir,Positive,4,service
397,Avis Caisse d'Épargne ,"4,5 sur 5 étoiles",11/07/2020,"je suis cliente à la caisse d'épargne depuis près de 25 ans, pour un compte courant classique.j'ai également une assurance prévoyance, qui me semble être à un prix tout à fait correct (je n'ai actuellement pas fait de comparatifs ailleurs).les contacts avec la banque sont simples, je n'ai pas souvent besoin de les contacter. c'est plutôt mon banquier qui essaye de me joindre pour me proposer des devis d'assurances ou autres services, néanmoins leurs tarifs en matière d'assurance ne m'intéressent pas particulièrement. en ce qui me concerne, j'ai toujours pu avoir rendez-vous rapidement quand j'en ai eu besoin, et l'accueil en agence m'a satisfait à chaque fois.j'utilise aussi l'application caisse d'épargne sur mon smartphone, aucun souci de ce côté là, elle est simple d'utilisation et toutes les fonctionnalités nécessaires dans la vie courante sont disponibles.",cliente caisse épargne depuis près 25 ans compte courant classique également assurance prévoyance semble être prix tout fait correct actuellement fait comparatifs ailleurs contacts banque simples souvent besoin contacter plutôt banquier essaye joindre proposer devis assurances autres services néanmoins leurs tarifs matière assurance intéressent particulièrement concerne toujours pu avoir rendez rapidement quand besoin accueil agence satisfait chaque fois utilise aussi application caisse épargne smartphone aucun souci côté là simple utilisation toutes fonctionnalités nécessaires vie courante disponibles,Positive,0,service
398,Avis Caisse d'Épargne ,5 sur 5 étoiles,25/06/2020,"tous mes comptes sont à la caisse d'epargne, et ceci depuis toujours. et c'était déjà le cas pour mes parents et mes grands-parents. autant vous dire que chez nous, cette banque est une affaire de famille!depuis quelques années, mon mari et moi avons choisi le service en ligne uniquement, et nous en sommes plus que satisfaits.nous avons demandé notre prêt immobilier et notre prêt auto auprès d'eux, le tout s'est passé sans encombre et très rapidement.en cas de problème, il nous suffit de téléphoner à notre conseiller, et notre souci est réglé au plus vite, nous n'avons aucun repproche à faire à notre banque, jamais eu le moindre souci!",tous comptes caisse epargne ceci depuis toujours déjà cas parents grands parents autant dire chez cette banque affaire famille depuis quelques années mari choisi service ligne uniquement plus satisfaits demandé prêt immobilier prêt auto auprès tout passé sans encombre très rapidement cas problème suffit téléphoner conseiller souci réglé plus vite aucun repproche faire banque jamais moindre souci,Positive,2,frais
